{"objects":[{"type":"polygon","originX":"left","originY":"top","left":87,"top":265,"width":100,"height":100,"fill":"blue","stroke":null,"strokeWidth":1,"strokeDashArray":null,"strokeLineCap":"butt","strokeLineJoin":"miter","strokeMiterLimit":10,"scaleX":1,"scaleY":1,"angle":0,"flipX":false,"flipY":false,"opacity":1,"shadow":null,"visible":true,"clipTo":null,"backgroundColor":"","fillRule":"nonzero","globalCompositeOperation":"source-over","transformMatrix":null,"skewX":0,"skewY":0,"points":[{"x":100,"y":50},{"x":85.35533905932738,"y":85.35533905932738},{"x":50,"y":100},{"x":14.64466094067263,"y":85.35533905932738},{"x":0,"y":50.00000000000001},{"x":14.644660940672615,"y":14.64466094067263},{"x":49.99999999999999,"y":0},{"x":85.35533905932738,"y":14.644660940672615}]},{"type":"polygon","originX":"left","originY":"top","left":167,"top":148,"width":90.45,"height":95.11,"fill":"blue","stroke":null,"strokeWidth":1,"strokeDashArray":null,"strokeLineCap":"butt","strokeLineJoin":"miter","strokeMiterLimit":10,"scaleX":1,"scaleY":1,"angle":0,"flipX":false,"flipY":false,"opacity":1,"shadow":null,"visible":true,"clipTo":null,"backgroundColor":"","fillRule":"nonzero","globalCompositeOperation":"source-over","transformMatrix":null,"skewX":0,"skewY":0,"points":[{"x":100,"y":50},{"x":65.45084971874738,"y":97.55282581475768},{"x":9.549150281252636,"y":79.38926261462366},{"x":9.54915028125263,"y":20.61073738537635},{"x":65.45084971874736,"y":2.447174185242318}]},{"type":"polygon","originX":"left","originY":"top","left":29,"top":140,"width":90.45,"height":95.11,"fill":"blue","stroke":null,"strokeWidth":1,"strokeDashArray":null,"strokeLineCap":"butt","strokeLineJoin":"miter","strokeMiterLimit":10,"scaleX":1,"scaleY":1,"angle":0,"flipX":false,"flipY":false,"opacity":1,"shadow":null,"visible":true,"clipTo":null,"backgroundColor":"","fillRule":"nonzero","globalCompositeOperation":"source-over","transformMatrix":null,"skewX":0,"skewY":0,"points":[{"x":100,"y":50},{"x":65.45084971874738,"y":97.55282581475768},{"x":9.549150281252636,"y":79.38926261462366},{"x":9.54915028125263,"y":20.61073738537635},{"x":65.45084971874736,"y":2.447174185242318}]},{"type":"polygon","originX":"left","originY":"top","left":170,"top":20,"width":90.45,"height":95.11,"fill":"blue","stroke":null,"strokeWidth":1,"strokeDashArray":null,"strokeLineCap":"butt","strokeLineJoin":"miter","strokeMiterLimit":10,"scaleX":1,"scaleY":1,"angle":0,"flipX":false,"flipY":false,"opacity":1,"shadow":null,"visible":true,"clipTo":null,"backgroundColor":"","fillRule":"nonzero","globalCompositeOperation":"source-over","transformMatrix":null,"skewX":0,"skewY":0,"points":[{"x":100,"y":50},{"x":65.45084971874738,"y":97.55282581475768},{"x":9.549150281252636,"y":79.38926261462366},{"x":9.54915028125263,"y":20.61073738537635},{"x":65.45084971874736,"y":2.447174185242318}]},{"type":"polygon","originX":"left","originY":"top","left":54,"top":27,"width":75,"height":86.6,"fill":"blue","stroke":null,"strokeWidth":1,"strokeDashArray":null,"strokeLineCap":"butt","strokeLineJoin":"miter","strokeMiterLimit":10,"scaleX":1,"scaleY":1,"angle":0,"flipX":false,"flipY":false,"opacity":1,"shadow":null,"visible":true,"clipTo":null,"backgroundColor":"","fillRule":"nonzero","globalCompositeOperation":"source-over","transformMatrix":null,"skewX":0,"skewY":0,"points":[{"x":100,"y":50},{"x":25.00000000000001,"y":93.30127018922194},{"x":24.99999999999998,"y":6.698729810778076}]}]}