{"objects":[{"type":"polygon","originX":"left","originY":"top","left":95,"top":142,"width":100,"height":100,"fill":"blue","stroke":null,"strokeWidth":1,"strokeDashArray":null,"strokeLineCap":"butt","strokeLineJoin":"miter","strokeMiterLimit":10,"scaleX":1,"scaleY":1,"angle":0,"flipX":false,"flipY":false,"opacity":1,"shadow":null,"visible":true,"clipTo":null,"backgroundColor":"","fillRule":"nonzero","globalCompositeOperation":"source-over","transformMatrix":null,"skewX":0,"skewY":0,"points":[{"x":100,"y":50},{"x":85.35533905932738,"y":85.35533905932738},{"x":50,"y":100},{"x":14.64466094067263,"y":85.35533905932738},{"x":0,"y":50.00000000000001},{"x":14.644660940672615,"y":14.64466094067263},{"x":49.99999999999999,"y":0},{"x":85.35533905932738,"y":14.644660940672615}]},{"type":"i-text","originX":"left","originY":"top","left":50,"top":300,"width":185.11,"height":33.9,"fill":"#000000","stroke":null,"strokeWidth":1,"strokeDashArray":null,"strokeLineCap":"butt","strokeLineJoin":"miter","strokeMiterLimit":10,"scaleX":1,"scaleY":1,"angle":0,"flipX":false,"flipY":false,"opacity":1,"shadow":null,"visible":true,"clipTo":null,"backgroundColor":"","fillRule":"nonzero","globalCompositeOperation":"source-over","transformMatrix":null,"skewX":0,"skewY":0,"text":"Tap and Type","fontSize":"30","fontWeight":"normal","fontFamily":"arial","fontStyle":"normal","lineHeight":1.16,"textDecoration":"normal","textAlign":"left","textBackgroundColor":"","charSpacing":0,"styles":{}}]}