{"objects":[{"type":"image","originX":"left","originY":"top","left":0,"top":1,"width":800,"height":1054,"fill":"rgb(0,0,0)","stroke":null,"strokeWidth":0,"strokeDashArray":null,"strokeLineCap":"butt","strokeLineJoin":"miter","strokeMiterLimit":10,"scaleX":0.38,"scaleY":0.38,"angle":0,"flipX":false,"flipY":false,"opacity":1,"shadow":null,"visible":true,"clipTo":null,"backgroundColor":"","fillRule":"nonzero","globalCompositeOperation":"source-over","transformMatrix":null,"skewX":0,"skewY":0,"crossOrigin":"","alignX":"none","alignY":"none","meetOrSlice":"meet","src":"http://localhost/test/collection-cards/card-editor/frames/frame-5.png","filters":[],"resizeFilters":[]},{"type":"i-text","originX":"left","originY":"top","left":51,"top":127,"width":154.69,"height":27.12,"fill":"#581278","stroke":null,"strokeWidth":1,"strokeDashArray":null,"strokeLineCap":"butt","strokeLineJoin":"miter","strokeMiterLimit":10,"scaleX":1,"scaleY":1,"angle":0,"flipX":false,"flipY":false,"opacity":1,"shadow":null,"visible":true,"clipTo":null,"backgroundColor":"","fillRule":"nonzero","globalCompositeOperation":"source-over","transformMatrix":null,"skewX":0,"skewY":0,"text":"Tap and Type","fontSize":"24","fontWeight":"bold","fontFamily":"arial","fontStyle":"normal","lineHeight":1.16,"textDecoration":"underline","textAlign":"left","textBackgroundColor":"","charSpacing":0,"styles":{}},{"type":"image","originX":"left","originY":"top","left":199,"top":322,"width":256,"height":256,"fill":"rgb(0,0,0)","stroke":null,"strokeWidth":0,"strokeDashArray":null,"strokeLineCap":"butt","strokeLineJoin":"miter","strokeMiterLimit":10,"scaleX":0.2,"scaleY":0.2,"angle":0,"flipX":false,"flipY":false,"opacity":1,"shadow":null,"visible":true,"clipTo":null,"backgroundColor":"","fillRule":"nonzero","globalCompositeOperation":"source-over","transformMatrix":null,"skewX":0,"skewY":0,"crossOrigin":"","alignX":"none","alignY":"none","meetOrSlice":"meet","src":"http://localhost/test/collection-cards/card-editor/sport-icon/baseball.png","filters":[],"resizeFilters":[]}]}