{"objects":[{"type":"image","originX":"left","originY":"top","left":61,"top":169,"width":256,"height":256,"fill":"rgb(0,0,0)","stroke":null,"strokeWidth":0,"strokeDashArray":null,"strokeLineCap":"butt","strokeLineJoin":"miter","strokeMiterLimit":10,"scaleX":0.2,"scaleY":0.2,"angle":0,"flipX":false,"flipY":false,"opacity":1,"shadow":null,"visible":true,"clipTo":null,"backgroundColor":"","fillRule":"nonzero","globalCompositeOperation":"source-over","transformMatrix":null,"skewX":0,"skewY":0,"crossOrigin":"","alignX":"none","alignY":"none","meetOrSlice":"meet","src":"http://localhost/test/collection-cards/card-editor/sport-icon/baseball.png","filters":[],"resizeFilters":[]}]}