{"objects":[{"type":"path-group","originX":"left","originY":"top","left":20,"top":100,"width":341.33,"height":341.33,"fill":"","stroke":null,"strokeWidth":1,"strokeDashArray":null,"strokeLineCap":"butt","strokeLineJoin":"miter","strokeMiterLimit":10,"scaleX":0.2,"scaleY":0.2,"angle":0,"flipX":false,"flipY":false,"opacity":1,"shadow":null,"visible":true,"clipTo":null,"backgroundColor":"","fillRule":"nonzero","globalCompositeOperation":"source-over","transformMatrix":null,"skewX":0,"skewY":0,"paths":[{"type":"path","originX":"left","originY":"top","left":15,"top":10,"width":2529.75,"height":2530.25,"fill":"#cc1a36","stroke":"","strokeWidth":1,"strokeDashArray":null,"strokeLineCap":"butt","strokeLineJoin":"miter","strokeMiterLimit":10,"scaleX":1,"scaleY":1,"angle":0,"flipX":false,"flipY":false,"opacity":1,"shadow":null,"visible":true,"clipTo":null,"backgroundColor":"","fillRule":"nonzero","globalCompositeOperation":"source-over","transformMatrix":[0.13333333333333333,0,0,-0.13333333333333333,0,341.3333333333333],"skewX":0,"skewY":0,"pathOffset":{"x":1279.875,"y":1275.125},"path":[["M",1028,2520],["c",-435,-92,-788,-391,-941,-800],["c",-56,-151,-71,-241,-72,-440],["c",0,-203,10,-267,67,-430],["c",108,-306,331,-560,621,-706],["c",187,-95,356,-134,577,-134],["c",159,0,270,17,402,61],["c",431,145,746,503,844,961],["c",25,115,25,371,0,486],["c",-110,515,-491,899,-995,1002],["c",-133,27,-376,27,-503,0],["z"],["m",485,-329],["c",168,-44,318,-133,443,-262],["c",118,-122,194,-258,241,-431],["c",25,-89,25,-357,0,-446],["c",-62,-226,-194,-420,-374,-548],["c",-368,-264,-885,-221,-1208,101],["c",-125,124,-215,283,-257,451],["c",-30,125,-30,313,0,438],["c",88,357,367,627,732,707],["c",112,25,309,20,423,-10],["z"]]},{"type":"path","originX":"left","originY":"top","left":556.7200893341543,"top":1390,"width":683.28,"height":680,"fill":"#cc1a36","stroke":"","strokeWidth":1,"strokeDashArray":null,"strokeLineCap":"butt","strokeLineJoin":"miter","strokeMiterLimit":10,"scaleX":1,"scaleY":1,"angle":0,"flipX":false,"flipY":false,"opacity":1,"shadow":null,"visible":true,"clipTo":null,"backgroundColor":"","fillRule":"nonzero","globalCompositeOperation":"source-over","transformMatrix":[0.13333333333333333,0,0,-0.13333333333333333,0,341.3333333333333],"skewX":0,"skewY":0,"pathOffset":{"x":898.3600446670771,"y":1730},"path":[["M",805,2012],["c",-84,-55,-200,-163,-238,-223],["c",-16,-24,-15,-32,15,-162],["l",32,-137],["l",151,-50],["c",82,-27,156,-50,164,-50],["c",7,0,80,53,162,118],["l",148,117],["l",1,161],["l",0,160],["l",-155,62],["c",-86,34,-164,62,-173,62],["c",-10,0,-58,-26,-107,-58],["z"]]},{"type":"path","originX":"left","originY":"top","left":1310,"top":1383,"width":697,"height":686.05,"fill":"#cc1a36","stroke":"","strokeWidth":1,"strokeDashArray":null,"strokeLineCap":"butt","strokeLineJoin":"miter","strokeMiterLimit":10,"scaleX":1,"scaleY":1,"angle":0,"flipX":false,"flipY":false,"opacity":1,"shadow":null,"visible":true,"clipTo":null,"backgroundColor":"","fillRule":"nonzero","globalCompositeOperation":"source-over","transformMatrix":[0.13333333333333333,0,0,-0.13333333333333333,0,341.3333333333333],"skewX":0,"skewY":0,"pathOffset":{"x":1658.5,"y":1726.025876310598},"path":[["M",1465,2007],["l",-150,-62],["l",-3,-155],["l",-2,-156],["l",157,-126],["l",157,-125],["l",151,50],["c",82,27,155,54,161,59],["c",6,4,14,23,17,41],["c",3,17,17,78,30,134],["l",24,102],["l",-53,65],["c",-91,110,-265,238,-320,235],["c",-11,0,-86,-28,-169,-62],["z"]]},{"type":"path","originX":"left","originY":"top","left":410.54952609287284,"top":751.3069037615123,"width":592.45,"height":665.75,"fill":"#cc1a36","stroke":"","strokeWidth":1,"strokeDashArray":null,"strokeLineCap":"butt","strokeLineJoin":"miter","strokeMiterLimit":10,"scaleX":1,"scaleY":1,"angle":0,"flipX":false,"flipY":false,"opacity":1,"shadow":null,"visible":true,"clipTo":null,"backgroundColor":"","fillRule":"nonzero","globalCompositeOperation":"source-over","transformMatrix":[0.13333333333333333,0,0,-0.13333333333333333,0,341.3333333333333],"skewX":0,"skewY":0,"pathOffset":{"x":706.7747630464364,"y":1084.1836056403713},"path":[["M",502,1311],["c",-105,-126,-105,-127,-72,-257],["c",22,-86,83,-225,109,-247],["c",15,-14,291,-62,310,-55],["c",5,1,42,45,82,97],["l",72,95],["l",-44,178],["c",-24,99,-46,183,-49,187],["c",-3,4,-70,30,-150,56],["c",-80,26,-150,50,-156,52],["c",-5,2,-52,-46,-102,-106],["z"]]},{"type":"path","originX":"left","originY":"top","left":1553,"top":750.973304703363,"width":599,"height":666.06,"fill":"#cc1a36","stroke":"","strokeWidth":1,"strokeDashArray":null,"strokeLineCap":"butt","strokeLineJoin":"miter","strokeMiterLimit":10,"scaleX":1,"scaleY":1,"angle":0,"flipX":false,"flipY":false,"opacity":1,"shadow":null,"visible":true,"clipTo":null,"backgroundColor":"","fillRule":"nonzero","globalCompositeOperation":"source-over","transformMatrix":[0.13333333333333333,0,0,-0.13333333333333333,0,341.3333333333333],"skewX":0,"skewY":0,"pathOffset":{"x":1852.5,"y":1084.002364333464},"path":[["M",1795,1367],["l",-149,-52],["l",-46,-185],["l",-47,-185],["l",75,-97],["c",54,-71,81,-98,96,-97],["c",12,0,82,10,156,22],["l",135,22],["l",37,70],["c",44,83,86,205,94,278],["l",6,52],["l",-92,110],["c",-51,61,-97,111,-104,112],["c",-6,1,-78,-22,-161,-50],["z"]]},{"type":"path","originX":"left","originY":"top","left":911,"top":400.77357435601726,"width":737,"height":499.23,"fill":"#cc1a36","stroke":"","strokeWidth":1,"strokeDashArray":null,"strokeLineCap":"butt","strokeLineJoin":"miter","strokeMiterLimit":10,"scaleX":1,"scaleY":1,"angle":0,"flipX":false,"flipY":false,"opacity":1,"shadow":null,"visible":true,"clipTo":null,"backgroundColor":"","fillRule":"nonzero","globalCompositeOperation":"source-over","transformMatrix":[0.13333333333333333,0,0,-0.13333333333333333,0,341.3333333333333],"skewX":0,"skewY":0,"pathOffset":{"x":1279.5,"y":650.3867871780086},"path":[["M",1010,838],["c",-25,-34,-57,-78,-72,-98],["l",-27,-36],["l",94,-144],["c",88,-138,94,-145,131,-152],["c",60,-11,221,-9,289,3],["l",62,10],["l",80,142],["l",81,141],["l",-74,98],["l",-75,98],["l",-222,0],["l",-222,-1],["l",-45,-61],["z"]]}]}],"background":"#157212"}