{"objects":[{"type":"path-group","originX":"left","originY":"top","left":20,"top":100,"width":341.33,"height":341.33,"fill":"","stroke":null,"strokeWidth":1,"strokeDashArray":null,"strokeLineCap":"butt","strokeLineJoin":"miter","strokeMiterLimit":10,"scaleX":0.2,"scaleY":0.2,"angle":0,"flipX":false,"flipY":false,"opacity":1,"shadow":null,"visible":true,"clipTo":null,"backgroundColor":"","fillRule":"nonzero","globalCompositeOperation":"source-over","transformMatrix":null,"skewX":0,"skewY":0,"paths":[{"type":"path","originX":"left","originY":"top","left":25.94780370608699,"top":15.646251761937934,"width":2504.38,"height":2511.03,"fill":"#840d23","stroke":"","strokeWidth":1,"strokeDashArray":null,"strokeLineCap":"butt","strokeLineJoin":"miter","strokeMiterLimit":10,"scaleX":1,"scaleY":1,"angle":0,"flipX":false,"flipY":false,"opacity":1,"shadow":null,"visible":true,"clipTo":null,"backgroundColor":"","fillRule":"nonzero","globalCompositeOperation":"source-over","transformMatrix":[0.13333333333333333,0,0,-0.13333333333333333,0,341.3333333333333],"skewX":0,"skewY":0,"pathOffset":{"x":1278.1355520354753,"y":1271.160644889524},"path":[["M",1150,2524],["c",-308,-39,-552,-156,-761,-364],["c",-160,-159,-273,-357,-331,-578],["c",-30,-111,-31,-127,-32,-307],["c",-1,-206,12,-282,71,-440],["c",170,-458,588,-775,1070,-815],["c",656,-53,1228,383,1348,1029],["c",22,119,20,335,-4,458],["c",-98,506,-480,890,-991,998],["c",-74,16,-302,27,-370,19],["z"],["m",391,-513],["c",22,-21,39,-44,39,-51],["c",0,-7,-26,-39,-57,-71],["l",-58,-59],["l",-59,30],["c",-32,16,-68,30,-80,30],["c",-52,1,-47,16,28,88],["c",65,63,78,72,111,72],["c",30,0,45,-8,76,-39],["z"],["m",-403,-107],["l",45,-27],["l",-34,-18],["c",-41,-20,-135,-103,-150,-130],["c",-12,-24,5,-59,29,-59],["c",10,0,40,23,67,51],["c",67,68,116,93,187,93],["c",31,0,60,-3,64,-7],["c",5,-4,-33,-49,-83,-100],["c",-50,-51,-96,-102,-102,-114],["c",-15,-30,-14,-109,3,-141],["c",8,-15,88,-100,178,-189],["c",152,-150,166,-162,209,-168],["c",67,-10,105,11,214,116],["l",95,91],["l",11,-28],["c",14,-36,5,-112,-17,-156],["c",-21,-42,-139,-158,-229,-227],["c",-39,-29,-119,-77,-180,-107],["l",-110,-54],["l",-261,261],["l",-262,262],["l",-7,81],["c",-12,125,-8,208,9,250],["c",23,55,224,334,244,339],["c",31,8,35,7,80,-19],["z"],["m",609,-36],["c",24,-23,43,-51,43,-63],["c",0,-12,-28,-49,-70,-90],["l",-70,-69],["l",-65,64],["l",-65,64],["l",67,68],["c",82,82,100,85,160,26],["z"],["m",-33,-598],["c",-142,-141,-133,-142,-321,43],["c",-80,78,-151,154,-159,169],["c",-26,51,-18,66,88,175],["l",102,104],["l",196,-196],["l",195,-195],["l",-101,-100],["z"],["m",186,394],["c",66,-61,65,-80,-5,-152],["l",-54,-57],["l",-68,68],["l",-68,68],["l",62,59],["c",33,33,66,60,72,60],["c",7,0,34,-21,61,-46],["z"],["m",131,-233],["c",57,-57,55,-92,-12,-165],["c",-28,-31,-55,-56,-60,-56],["c",-5,0,-9,17,-9,39],["c",0,23,-12,62,-30,97],["l",-30,59],["l",35,33],["c",19,17,42,32,51,32],["c",9,0,34,-17,55,-39],["z"],["m",-1009,-498],["c",137,-137,248,-255,248,-263],["c",0,-22,-180,-198,-210,-205],["c",-14,-3,-39,-1,-55,5],["l",-28,11],["l",36,37],["c",57,58,72,124,43,180],["c",-8,15,-73,85,-144,155],["c",-101,101,-137,130,-166,137],["c",-51,11,-100,-4,-147,-47],["c",-32,-29,-40,-32,-45,-19],["c",-16,41,7,81,94,169],["c",51,52,95,87,107,87],["c",13,0,108,-88,267,-247],["z"],["m",-161,-130],["c",65,-64,122,-128,127,-142],["c",12,-33,2,-59,-37,-96],["l",-32,-29],["l",-155,154],["l",-155,155],["l",40,38],["c",64,59,76,55,212,-80],["z"]]}]}],"background":"#dbc126"}