{"objects":[{"type":"path-group","originX":"left","originY":"top","left":20,"top":100,"width":341.33,"height":341.33,"fill":"","stroke":null,"strokeWidth":1,"strokeDashArray":null,"strokeLineCap":"butt","strokeLineJoin":"miter","strokeMiterLimit":10,"scaleX":0.2,"scaleY":0.2,"angle":0,"flipX":false,"flipY":false,"opacity":1,"shadow":null,"visible":true,"clipTo":null,"backgroundColor":"","fillRule":"nonzero","globalCompositeOperation":"source-over","transformMatrix":null,"skewX":0,"skewY":0,"paths":[{"type":"path","originX":"left","originY":"top","left":19.183276837917518,"top":14.385161834288512,"width":2530.82,"height":2534.25,"fill":"#196373","stroke":"","strokeWidth":1,"strokeDashArray":null,"strokeLineCap":"butt","strokeLineJoin":"miter","strokeMiterLimit":10,"scaleX":1,"scaleY":1,"angle":0,"flipX":false,"flipY":false,"opacity":1,"shadow":null,"visible":true,"clipTo":null,"backgroundColor":"","fillRule":"nonzero","globalCompositeOperation":"source-over","transformMatrix":[0.13333333333333333,0,0,-0.13333333333333333,0,341.3333333333333],"skewX":0,"skewY":0,"pathOffset":{"x":1284.5916384189586,"y":1281.5125809171443},"path":[["M",1160,2544],["c",-188,-27,-313,-65,-452,-136],["c",-198,-101,-365,-251,-485,-435],["c",-277,-424,-271,-975,14,-1406],["c",70,-105,240,-272,351,-345],["c",286,-186,616,-249,954,-181],["c",238,47,443,156,622,329],["c",255,247,386,556,386,910],["c",0,265,-68,490,-214,709],["c",-200,300,-535,505,-898,551],["c",-78,9,-223,12,-278,4],["z"],["m",70,-724],["l",0,-480],["l",-145,0],["l",-145,0],["l",0,33],["c",0,86,-65,268,-131,364],["c",-47,68,-134,159,-201,209],["l",-58,42],["l",58,53],["c",104,95,246,176,377,214],["c",62,19,185,43,223,44],["l",22,1],["l",0,-480],["z"],["m",317,445],["c",158,-42,310,-123,419,-227],["l",53,-50],["l",-57,-42],["c",-173,-128,-291,-322,-325,-531],["l",-12,-75],["l",-142,0],["l",-143,0],["l",0,481],["l",0,481],["l",58,-6],["c",31,-4,98,-18,149,-31],["z"],["m",-927,-485],["c",99,-98,158,-200,190,-326],["c",33,-127,62,-114,-260,-114],["l",-280,0],["l",0,29],["c",0,124,75,339,167,477],["l",36,54],["l",31,-18],["c",17,-9,69,-55,116,-102],["z"],["m",1575,-45],["c",57,-115,92,-227,102,-332],["l",6,-63],["l",-282,0],["l",-283,0],["l",7,43],["c",29,187,148,380,297,480],["l",53,35],["l",22,-26],["c",13,-15,48,-76,78,-137],["z"],["m",-1365,-533],["c",0,-11,-9,-53,-20,-96],["c",-40,-157,-147,-314,-276,-402],["l",-56,-39],["l",-29,35],["c",-73,87,-161,316,-175,455],["l",-7,65],["l",282,0],["c",266,0,281,-1,281,-18],["z"],["m",400,-462],["l",0,-480],["l",-42,6],["c",-244,33,-430,116,-588,261],["l",-52,48],["l",56,39],["c",76,52,176,160,226,245],["c",52,87,98,217,106,300],["l",7,61],["l",143,0],["l",144,0],["l",0,-480],["z"],["m",400,454],["c",0,-52,33,-172,71,-252],["c",65,-142,166,-263,278,-337],["l",44,-29],["l",-53,-49],["c",-157,-144,-383,-244,-585,-259],["l",-40,-3],["l",-3,478],["l",-2,477],["l",145,0],["l",145,0],["l",0,-26],["z"],["m",666,-38],["c",-14,-139,-73,-302,-154,-428],["c",-20,-32,-42,-58,-48,-58],["c",-18,0,-125,82,-165,126],["c",-97,109,-163,246,-184,382],["l",-7,42],["l",283,0],["l",282,0],["l",-7,-64],["z"]]}]}]}