{"objects":[{"type":"path-group","originX":"left","originY":"top","left":20,"top":100,"width":341.33,"height":341.33,"fill":"","stroke":null,"strokeWidth":1,"strokeDashArray":null,"strokeLineCap":"butt","strokeLineJoin":"miter","strokeMiterLimit":10,"scaleX":0.2,"scaleY":0.2,"angle":0,"flipX":false,"flipY":false,"opacity":1,"shadow":null,"visible":true,"clipTo":null,"backgroundColor":"","fillRule":"nonzero","globalCompositeOperation":"source-over","transformMatrix":null,"skewX":0,"skewY":0,"paths":[{"type":"path","originX":"left","originY":"top","left":30,"top":19.345364342261632,"width":2502.02,"height":2506.92,"fill":"#073660","stroke":"","strokeWidth":1,"strokeDashArray":null,"strokeLineCap":"butt","strokeLineJoin":"miter","strokeMiterLimit":10,"scaleX":1,"scaleY":1,"angle":0,"flipX":false,"flipY":false,"opacity":1,"shadow":null,"visible":true,"clipTo":null,"backgroundColor":"","fillRule":"nonzero","globalCompositeOperation":"source-over","transformMatrix":[0.13333333333333333,0,0,-0.13333333333333333,0,341.3333333333333],"skewX":0,"skewY":0,"pathOffset":{"x":1281.009354592467,"y":1272.8071168244774},"path":[["M",1165,2524],["c",-302,-33,-557,-155,-771,-368],["c",-187,-186,-305,-409,-349,-660],["c",-20,-115,-20,-338,0,-447],["c",86,-461,413,-834,856,-974],["c",241,-76,543,-74,779,5],["c",365,122,669,426,790,788],["c",48,145,62,232,62,397],["c",1,229,-38,392,-138,586],["c",-175,338,-503,583,-876,654],["c",-85,16,-282,26,-353,19],["z"],["m",665,-471],["c",0,-5,-38,-17,-85,-29],["l",-84,-21],["l",-21,22],["c",-11,12,-20,24,-20,28],["c",0,4,47,7,105,7],["c",58,0,105,-3,105,-7],["z"],["m",-255,-43],["c",26,-27,27,-30,9,-36],["c",-10,-4,-52,-22,-93,-41],["l",-75,-33],["l",-43,42],["c",-24,23,-43,45,-43,48],["c",0,9,149,48,186,49],["c",21,1,39,-8,59,-29],["z"],["m",462,-30],["c",24,-51,45,-345,26,-364],["c",-7,-7,-343,322,-343,336],["c",0,16,201,57,265,55],["c",32,-2,42,-7,52,-27],["z"],["m",-723,-59],["l",49,-49],["l",-49,-31],["c",-56,-35,-67,-37,-84,-16],["c",-16,19,-49,19,-56,0],["c",-4,-8,1,-26,9,-38],["c",14,-21,13,-24,-2,-34],["c",-13,-8,-22,-6,-40,8],["c",-18,15,-27,17,-37,8],["c",-18,-15,-18,-34,2,-50],["c",14,-12,14,-14,-1,-25],["c",-14,-11,-22,-10,-41,3],["c",-44,28,-74,-9,-38,-48],["c",14,-16,14,-18,-4,-28],["c",-15,-8,-23,-7,-32,4],["c",-16,19,-34,19,-50,0],["c",-10,-13,-9,-19,5,-35],["c",17,-19,18,-22,2,-37],["c",-13,-13,-19,-14,-29,-5],["c",-33,33,-74,-3,-43,-38],["c",15,-16,16,-22,5,-35],["c",-9,-11,-16,-13,-24,-5],["c",-15,15,-46,12,-53,-6],["c",-3,-8,0,-26,7,-40],["c",11,-19,11,-27,2,-36],["c",-9,-9,-15,-9,-24,0],["c",-33,33,-74,-3,-43,-38],["c",20,-23,19,-28,-30,-104],["l",-37,-58],["l",-48,47],["c",-54,53,-54,49,-5,145],["c",90,177,239,348,401,461],["c",44,31,221,128,234,129],["c",3,0,28,-22,54,-49],["z"],["m",541,-191],["l",200,-200],["l",-17,-77],["c",-9,-43,-21,-91,-27,-107],["l",-12,-30],["l",-119,119],["c",-83,83,-123,116,-134,112],["c",-33,-13,-12,-46,109,-167],["l",125,-125],["l",-34,-72],["c",-68,-142,-178,-287,-296,-390],["c",-107,-93,-303,-213,-350,-213],["c",-18,0,-570,550,-570,568],["c",0,10,60,113,76,131],["c",3,3,10,-1,16,-7],["c",16,-16,45,-15,51,2],["c",3,8,-3,26,-13,39],["c",-17,21,-18,27,-6,36],["c",11,9,19,9,34,0],["c",40,-25,73,21,37,51],["c",-11,9,-12,17,-4,32],["c",10,18,12,18,28,4],["c",38,-34,78,-2,44,36],["c",-16,17,-16,20,0,35],["c",13,13,20,14,29,5],["c",15,-15,45,-16,53,-2],["c",4,6,0,22,-9,35],["c",-14,21,-14,25,0,36],["c",11,9,18,9,26,1],["c",7,-7,22,-12,35,-12],["c",25,0,30,19,13,50],["c",-15,29,14,48,40,25],["c",11,-10,26,-15,35,-12],["c",17,7,20,42,5,52],["c",-5,3,-10,10,-10,15],["c",0,13,33,21,44,10],["c",14,-14,53,-13,59,3],["c",2,6,0,20,-5,30],["c",-5,10,-8,20,-6,22],["c",2,1,26,16,53,33],["l",50,31],["l",132,-130],["c",72,-72,138,-129,145,-127],["c",36,12,17,44,-98,159],["c",-81,82,-115,122,-108,129],["c",14,14,145,69,164,70],["c",8,0,105,-90,215,-200],["z"],["m",-1242,-680],["c",-20,-47,-39,-87,-40,-89],["c",-2,-3,-18,9,-35,27],["l",-32,31],["l",18,78],["c",10,43,23,89,28,102],["l",9,25],["l",45,-45],["l",44,-45],["l",-37,-84],["z"],["m",611,-501],["c",-2,-4,-47,-18,-100,-30],["l",-95,-22],["l",-99,97],["c",-88,87,-101,96,-119,86],["c",-12,-6,-21,-16,-21,-22],["c",0,-5,34,-45,76,-88],["l",76,-78],["l",-54,-7],["c",-61,-7,-251,10,-306,28],["l",-37,13],["l",3,59],["c",3,59,37,233,47,244],["c",3,2,34,-23,69,-58],["c",42,-42,70,-62,82,-59],["c",40,7,26,38,-51,118],["c",-50,50,-75,84,-72,94],["c",3,8,20,49,38,91],["l",32,77],["l",268,-268],["c",147,-147,266,-271,263,-275],["z"],["m",-698,248],["c",-22,-86,-23,-88,-29,-50],["c",-9,49,-9,112,-1,153],["l",7,32],["l",22,-24],["l",23,-23],["l",-22,-88],["z"]]}]}],"background":"#dbc126"}