{"objects":[{"type":"i-text","originX":"left","originY":"top","left":50,"top":200,"width":185.11,"height":33.9,"fill":"#12216e","stroke":null,"strokeWidth":1,"strokeDashArray":null,"strokeLineCap":"butt","strokeLineJoin":"miter","strokeMiterLimit":10,"scaleX":1,"scaleY":1,"angle":0,"flipX":false,"flipY":false,"opacity":1,"shadow":null,"visible":true,"clipTo":null,"backgroundColor":"","fillRule":"nonzero","globalCompositeOperation":"source-over","transformMatrix":null,"skewX":0,"skewY":0,"text":"Tap and Type","fontSize":"30","fontWeight":"normal","fontFamily":"arial","fontStyle":"normal","lineHeight":1.16,"textDecoration":"normal","textAlign":"left","textBackgroundColor":"","charSpacing":0,"styles":{}},{"type":"path-group","originX":"left","originY":"top","left":200,"top":39,"width":341.33,"height":341.33,"fill":"","stroke":null,"strokeWidth":1,"strokeDashArray":null,"strokeLineCap":"butt","strokeLineJoin":"miter","strokeMiterLimit":10,"scaleX":0.2,"scaleY":0.2,"angle":0,"flipX":false,"flipY":false,"opacity":1,"shadow":null,"visible":true,"clipTo":null,"backgroundColor":"","fillRule":"nonzero","globalCompositeOperation":"source-over","transformMatrix":null,"skewX":0,"skewY":0,"paths":[{"type":"path","originX":"left","originY":"top","left":0.9604949105207794,"top":16,"width":2549.04,"height":2540.68,"fill":"#840d23","stroke":"","strokeWidth":1,"strokeDashArray":null,"strokeLineCap":"butt","strokeLineJoin":"miter","strokeMiterLimit":10,"scaleX":1,"scaleY":1,"angle":0,"flipX":false,"flipY":false,"opacity":1,"shadow":null,"visible":true,"clipTo":null,"backgroundColor":"","fillRule":"nonzero","globalCompositeOperation":"source-over","transformMatrix":[0.13333333333333333,0,0,-0.13333333333333333,0,341.3333333333333],"skewX":0,"skewY":0,"pathOffset":{"x":1275.4802474552603,"y":1286.3375190085553},"path":[["M",1170,2554],["c",-192,-22,-326,-61,-480,-140],["c",-302,-155,-531,-426,-633,-750],["c",-86,-272,-72,-604,35,-861],["c",158,-381,463,-649,866,-760],["c",92,-26,109,-27,317,-27],["c",207,0,226,2,315,26],["c",578,161,960,653,960,1237],["c",0,617,-433,1142,-1034,1256],["c",-81,16,-282,27,-346,19],["z"],["m",276,-473],["c",261,-54,491,-245,590,-489],["c",46,-114,58,-180,58,-312],["c",0,-147,-20,-235,-85,-367],["c",-155,-315,-520,-500,-868,-439],["c",-601,105,-886,788,-536,1281],["c",188,265,518,393,841,326],["z"]]},{"type":"path","originX":"left","originY":"top","left":470,"top":1145,"width":945,"height":933.98,"fill":"#840d23","stroke":"","strokeWidth":1,"strokeDashArray":null,"strokeLineCap":"butt","strokeLineJoin":"miter","strokeMiterLimit":10,"scaleX":1,"scaleY":1,"angle":0,"flipX":false,"flipY":false,"opacity":1,"shadow":null,"visible":true,"clipTo":null,"backgroundColor":"","fillRule":"nonzero","globalCompositeOperation":"source-over","transformMatrix":[0.13333333333333333,0,0,-0.13333333333333333,0,341.3333333333333],"skewX":0,"skewY":0,"pathOffset":{"x":942.5,"y":1611.9882784191616},"path":[["M",1290,2056],["c",0,-21,-5,-25,-32,-28],["c",-28,-2,-33,-7,-33,-28],["c",0,-20,6,-26,28,-28],["c",22,-3,27,-8,27,-30],["c",0,-37,-10,-47,-45,-47],["c",-23,0,-31,-5,-33,-22],["c",-3,-17,3,-26,22,-33],["c",29,-11,31,-18,15,-54],["c",-10,-21,-15,-23,-36,-15],["c",-49,18,-72,-28,-28,-57],["c",19,-12,22,-20,15,-33],["c",-24,-42,-26,-43,-53,-30],["c",-21,9,-30,9,-42,-1],["c",-20,-17,-19,-25,7,-49],["c",21,-20,21,-21,2,-43],["c",-10,-13,-20,-24,-21,-26],["c",0,-2,-13,4,-27,13],["c",-14,10,-33,15,-41,11],["c",-19,-7,-20,-44,-1,-65],["c",12,-14,10,-19,-15,-39],["c",-28,-23,-28,-23,-39,-2],["c",-13,24,-42,26,-60,5],["c",-10,-12,-9,-20,4,-40],["c",16,-24,15,-25,-15,-41],["c",-31,-16,-32,-15,-54,12],["c",-20,25,-25,27,-40,14],["c",-12,-10,-15,-22,-10,-46],["c",5,-30,3,-33,-27,-39],["c",-19,-5,-34,-3,-35,2],["c",-2,6,-10,19,-18,29],["c",-20,28,-51,6,-48,-34],["c",3,-27,0,-30,-33,-34],["c",-32,-4,-36,-1,-41,23],["c",-10,50,-63,44,-63,-7],["c",0,-19,-5,-24,-25,-24],["c",-22,0,-25,-4,-25,-35],["c",0,-32,2,-35,29,-35],["c",25,0,30,-4,33,-27],["c",2,-22,8,-28,28,-28],["c",21,0,26,5,28,33],["c",2,18,9,32,16,32],["c",8,0,27,3,44,6],["c",27,6,32,3,37,-19],["c",13,-52,72,-39,61,14],["c",-4,23,0,28,34,42],["c",38,15,39,14,55,-9],["c",30,-46,80,-20,57,30],["c",-9,19,-5,24,29,44],["c",38,22,38,22,49,2],["c",13,-24,55,-27,64,-4],["c",4,9,0,27,-8,40],["c",-14,21,-13,24,17,47],["c",29,22,35,23,52,11],["c",43,-32,79,-2,50,42],["c",-14,22,-14,26,7,54],["c",15,21,27,28,38,24],["c",8,-4,26,-7,40,-8],["c",33,-1,40,36,10,57],["c",-20,14,-21,17,-6,45],["c",20,39,31,45,54,33],["c",21,-11,52,3,52,24],["c",0,7,-11,22,-25,32],["c",-23,17,-24,20,-13,56],["c",10,34,15,38,37,34],["c",36,-7,51,2,51,29],["c",0,17,-7,25,-25,30],["c",-26,6,-31,26,-19,71],["c",4,16,15,23,38,25],["c",26,2,31,7,31,28],["c",0,20,-6,26,-27,28],["c",-21,3,-27,9,-30,30],["c",-2,22,-9,28,-35,30],["c",-29,3,-33,0,-33,-22],["z"]]},{"type":"path","originX":"left","originY":"top","left":1135,"top":481.02344316167654,"width":945,"height":947.46,"fill":"#840d23","stroke":"","strokeWidth":1,"strokeDashArray":null,"strokeLineCap":"butt","strokeLineJoin":"miter","strokeMiterLimit":10,"scaleX":1,"scaleY":1,"angle":0,"flipX":false,"flipY":false,"opacity":1,"shadow":null,"visible":true,"clipTo":null,"backgroundColor":"","fillRule":"nonzero","globalCompositeOperation":"source-over","transformMatrix":[0.13333333333333333,0,0,-0.13333333333333333,0,341.3333333333333],"skewX":0,"skewY":0,"pathOffset":{"x":1607.5,"y":954.7555639339303},"path":[["M",1973,1423],["c",-7,-2,-13,-18,-13,-33],["c",0,-33,-2,-35,-50,-44],["c",-33,-6,-37,-4,-47,24],["c",-6,16,-18,30,-26,30],["c",-23,0,-40,-27,-33,-54],["c",5,-20,1,-26,-26,-35],["c",-44,-16,-56,-14,-63,9],["c",-4,13,-15,20,-31,20],["c",-30,0,-38,-18,-25,-52],["c",8,-23,6,-27,-26,-42],["c",-33,-16,-36,-15,-59,3],["c",-42,33,-78,1,-49,-42],["c",13,-21,12,-24,-19,-49],["c",-29,-24,-36,-25,-46,-13],["c",-17,20,-56,19,-64,-1],["c",-4,-9,0,-24,9,-34],["c",20,-22,19,-30,-10,-64],["c",-20,-25,-26,-28,-39,-17],["c",-20,17,-60,10,-64,-11],["c",-2,-9,7,-25,19,-36],["l",21,-21],["l",-21,-35],["c",-20,-32,-24,-34,-46,-24],["c",-19,8,-28,8,-40,-2],["c",-22,-18,-19,-36,10,-57],["c",23,-17,24,-21,13,-55],["c",-10,-34,-14,-37,-47,-35],["c",-32,2,-36,-1,-36,-23],["c",0,-16,8,-28,23,-35],["c",16,-7,22,-18,22,-40],["c",0,-41,-10,-53,-45,-57],["c",-24,-2,-30,-8,-30,-28],["c",0,-20,6,-26,30,-30],["c",24,-4,30,-10,30,-30],["c",0,-21,5,-26,33,-28],["c",28,-3,32,0,32,22],["c",0,21,5,25,33,28],["c",27,2,32,7,32,28],["c",0,20,-6,26,-27,28],["c",-23,3,-28,8,-28,30],["c",0,38,11,49,45,48],["c",41,-1,49,38,11,56],["c",-29,13,-31,17,-15,51],["c",9,19,18,24,47,23],["c",31,-1,38,3,40,21],["c",3,17,-3,26,-23,33],["c",-25,10,-25,10,-10,41],["c",12,23,21,29,33,23],["c",30,-12,54,-9,66,9],["c",9,15,7,22,-12,37],["c",-22,18,-22,20,-6,45],["c",19,29,31,31,54,10],["c",37,-34,69,18,34,56],["c",-14,15,-13,19,14,38],["c",29,20,29,20,47,1],["c",22,-24,38,-25,55,-5],["c",10,12,9,20,-4,40],["c",-16,24,-15,25,16,41],["c",30,16,32,15,48,-6],["c",10,-13,24,-21,36,-18],["c",15,3,19,11,17,40],["c",-2,32,1,37,29,47],["c",17,6,32,10,33,9],["c",0,-2,6,-15,13,-30],["c",20,-48,71,-24,58,27],["c",-7,26,-5,26,51,29],["c",10,1,19,-9,23,-24],["c",4,-18,13,-25,30,-25],["c",21,0,26,6,28,33],["c",3,26,7,32,28,32],["c",20,0,24,5,24,30],["c",0,27,-3,30,-30,30],["c",-25,0,-30,4,-30,23],["c",0,13,-5,28,-12,35],["c",-13,13,-16,13,-35,5],["z"]]}]}],"background":"#8a93c1"}