{"objects":[{"type":"i-text","originX":"left","originY":"top","left":50,"top":326,"width":222.13,"height":40.68,"fill":"#1c3ee9","stroke":null,"strokeWidth":1,"strokeDashArray":null,"strokeLineCap":"butt","strokeLineJoin":"miter","strokeMiterLimit":10,"scaleX":1,"scaleY":1,"angle":0,"flipX":false,"flipY":false,"opacity":1,"shadow":null,"visible":true,"clipTo":null,"backgroundColor":"","fillRule":"nonzero","globalCompositeOperation":"source-over","transformMatrix":null,"skewX":0,"skewY":0,"text":"Tap and Type","fontSize":"36","fontWeight":"normal","fontFamily":"arial","fontStyle":"normal","lineHeight":1.16,"textDecoration":"normal","textAlign":"left","textBackgroundColor":"","charSpacing":0,"styles":{}}]}